Estación,Fecha,Diesel,Premium,Regular ,$DIESEL,$PREMIUM,$REGULAR
ATB,25/09/2026,2603.78,744.84,5767.1,26.99,27.99,23.89
ATB,26/09/2026,2310.16,578.94,4788.92,26.99,27.99,23.89
ATB,27/09/2026,312.08,609.08,3702.56,26.99,27.99,23.89
ATB,28/09/2026,2179.75,717.73,4859.68,26.99,27.99,23.89
ATEPO,24/09/2026,2533.25,403.09,5337.03,26.99,28.19,23.89
ATEPO,25/09/2026,3607.36,287.18,5160.87,26.99,28.19,23.89
ATEPO,26/09/2026,1152.2,603.66,6133.16,26.99,28.19,23.89
ATEPO,27/09/2026,1543.52,232.93,5136.41,26.99,28.19,23.89
ATEPO,28/09/2026,2930.11,448,5828.14,26.99,28.19,23.89
AURORA,24/09/2026,12135.25,2144.58,20144.61,26.99,28.59,23.99
AURORA,25/09/2026,10862.74,2253.22,21499.35,26.99,28.59,23.99
AURORA,26/09/2026,7694.85,1893.08,22078.55,26.99,28.59,23.99
AURORA,27/09/2026,4691.82,2211.37,21429.39,26.99,28.59,23.99
AURORA,28/09/2026,12842.91,2267.29,22977.91,26.99,28.59,23.99
AVE FENIX,25/09/2026,5566.99,3669.94,12123.91,26.99,28.29,23.99
AVE FENIX,26/09/2026,2945.11,2013.88,12560.21,26.99,28.29,23.99
AVE FENIX,27/09/2026,810.99,3231.72,8331.16,26.99,28.29,23.99
AVE FENIX,28/09/2026,8377.25,5069.83,12906.64,26.99,28.29,23.99
COMBULUB,24/09/2026,1967.9,714.32,2830.29,26.99,28.39,23.69
COMBULUB,25/09/2026,3409.72,963.51,3319.4,26.99,28.39,23.69
COMBULUB,26/09/2026,837.36,1205.88,3969.06,26.99,28.39,23.69
COMBULUB,27/09/2026,1032.06,687.81,2514.84,26.99,28.39,23.69
HUEHUETOCA,21/09/2026,12786.05,1517.53,15728.51,26.99,28.19,23.79
HUEHUETOCA,22/09/2026,10296.01,1542.06,15105.45,26.99,28.19,23.79
HUEHUETOCA,23/09/2026,12647.88,1318.67,13266.35,26.99,28.19,23.79
HUEHUETOCA,24/09/2026,11085.01,1931.4,13018.91,26.99,28.19,23.79
HUEHUETOCA,25/09/2026,9449.08,1433.03,14597.37,26.99,28.19,23.79
HUEHUETOCA,26/09/2026,5412.23,1746.46,18295.13,26.99,28.19,23.79
HUEHUETOCA,27/09/2026,6305.26,2137.34,15177.68,26.99,28.19,23.79
HUEHUETOCA,28/09/2026,18451.36,1634.5,14278.21,26.99,28.19,23.79
IXTAZACUALA,24/09/2026,16397.31,1913.69,12751.03,26.99,28.59,23.99
IXTAZACUALA,25/09/2026,13839.89,2282.06,12292.68,26.99,28.59,23.99
IXTAZACUALA,26/09/2026,10617.82,2245.17,12753,26.99,28.59,23.99
IXTAZACUALA,27/09/2026,8072.66,2139.96,11003.17,26.99,28.59,23.99
IXTAZACUALA,28/09/2026,11671.39,1613.66,11255.36,26.99,28.59,23.99
QL,24/09/2026,39480.86,9686.42,18623.35,26.99,28.79,23.99
QL,25/09/2026,32285.86,9570.99,19066.99,26.99,28.79,23.99
QL,26/09/2026,28074.18,11769.43,21102.57,26.99,28.79,23.99
QL,27/09/2026,26942.63,12839.21,18973.58,26.99,28.79,23.99
QL,28/09/2026,40925.08,8125.55,18671.51,26.99,28.79,23.99
TEOLOYUCAN,25/09/2026,8941.53,1237.73,3842.69,26.99,28.69,23.99
TEOLOYUCAN,27/09/2026,3967.14,1939.56,3536.21,26.99,28.69,23.99
TEOLOYUCAN,26/09/2026,6731.57,1446.9,3876.87,26.99,28.69,23.99
TEOLOYUCAN,28/09/2026,9627.71,1303.05,3707.35,26.99,28.69,23.99
TH,24/09/2026,18591.16,1371.75,8913.03,26.99,28.34,23.99
TH,25/09/2026,23700.17,1470.81,9584.87,26.99,28.34,23.99
TH,26/09/2026,15697.99,1518.3,11596.15,26.99,28.34,23.99
TH,27/09/2026,8989.7,1352.24,8728.92,26.99,28.34,23.99
TOREMEX,24/09/2026,1412.26,670.74,6135.48,26.99,27.99,23.99
TOREMEX,25/09/2026,1831.21,868.11,7977.94,26.99,27.99,23.99
TOREMEX,26/09/2026,1369.67,1302.14,10212.96,26.99,27.99,23.99
TOREMEX,27/09/2026,645.96,2069.67,8027.93,26.99,27.99,23.99
TOREMEX,28/09/2026,1291.22,1064.91,7651.05,26.99,27.99,23.99
TREHER T,21/09/2026,11016.65,1479.36,13783.73,26.99,27.99,23.79
TREHER T,22/09/2026,11221.98,1297.67,12704.17,26.99,27.99,23.79
TREHER T,23/09/2026,10342.84,1483.52,10919.39,26.99,27.99,23.79
TREHER T,24/09/2026,8188.76,1174.55,11464.02,26.99,27.99,23.79
TREHER T,25/09/2026,12092.46,1505.22,12449.04,26.99,27.99,23.79
TREHER T,26/09/2026,7622.76,1273.04,13363.29,26.99,27.99,23.79
TREHER T,27/09/2026,4952.74,1464.88,12158,26.99,27.99,23.79
